group,names,scores,logfoldchanges,pvals,pvals_adj
Epithelial Cells,EPCAM,144.1856,5.557729,0.0,0.0
Epithelial Cells,KRT19,128.77623,6.0198464,0.0,0.0
Epithelial Cells,DMBT1,128.7083,4.9832177,0.0,0.0
Epithelial Cells,CEACAM1,108.24166,4.092914,0.0,0.0
Epithelial Cells,DUOX2,107.222824,5.8934317,0.0,0.0
Epithelial Cells,OLFM4,100.14951,3.749896,0.0,0.0
Epithelial Cells,CXCL3,100.09794,4.2280197,0.0,0.0
Epithelial Cells,CXCL2,96.35588,3.0499544,0.0,0.0
Epithelial Cells,CD9,89.75775,2.728121,0.0,0.0
Epithelial Cells,UGT2B17,87.005486,5.7033477,0.0,0.0
Myeloid Cells,FCER1G,271.60867,3.584047,0.0,0.0
Myeloid Cells,ITGAX,160.52975,5.371283,0.0,0.0
Myeloid Cells,ZEB2,160.34096,2.1586087,0.0,0.0
Myeloid Cells,CD163,156.80545,2.706146,0.0,0.0
Myeloid Cells,IL1R2,150.28822,5.176683,0.0,0.0
Myeloid Cells,CD55,144.15773,2.1483903,0.0,0.0
Myeloid Cells,HLA-DRA,135.98201,2.372942,0.0,0.0
Myeloid Cells,IFNGR1,135.41261,1.8429348,0.0,0.0
Myeloid Cells,CCR1,111.10876,4.0509124,0.0,0.0
Myeloid Cells,VIM,110.717705,0.8404141,0.0,0.0
Fibroblasts,COL6A3,170.77702,2.673571,0.0,0.0
Fibroblasts,DCN,169.02493,3.7714343,0.0,0.0
Fibroblasts,PDGFRA,141.3191,5.0844646,0.0,0.0
Fibroblasts,C3,134.96046,2.8847136,0.0,0.0
Fibroblasts,CXCL12,108.94444,2.557647,0.0,0.0
Fibroblasts,C7,100.805466,3.9619339,0.0,0.0
Fibroblasts,IL6ST,99.94722,1.541211,0.0,0.0
Fibroblasts,MGP,98.581085,2.2455745,0.0,0.0
Fibroblasts,VIM,98.3606,0.9564469,0.0,0.0
Fibroblasts,PTGIS,93.919624,3.1645615,0.0,0.0
Plasma Cells,XBP1,200.06485,2.470074,0.0,0.0
Plasma Cells,CD38,186.11559,4.0547686,0.0,0.0
Plasma Cells,PRDX4,159.49518,3.7841408,0.0,0.0
Plasma Cells,SEC11C,157.9558,4.124244,0.0,0.0
Plasma Cells,ITM2C,157.52942,3.0396056,0.0,0.0
Plasma Cells,TNFRSF17,157.36632,6.112002,0.0,0.0
Plasma Cells,IGHG3,150.54611,4.4846473,0.0,0.0
Plasma Cells,IGHG2,148.40001,4.666762,0.0,0.0
Plasma Cells,CD79A,138.33762,4.6615167,0.0,0.0
Plasma Cells,IGHG1,135.7663,2.4261918,0.0,0.0
T Cells,TRAC,169.1379,5.3749514,0.0,0.0
T Cells,ETS1,158.39128,3.228206,0.0,0.0
T Cells,PTPRC,153.58878,2.4388785,0.0,0.0
T Cells,IL7R,149.03033,5.0282955,0.0,0.0
T Cells,CD3G,139.81932,5.645938,0.0,0.0
T Cells,CXCR4,137.09668,3.050794,0.0,0.0
T Cells,CD247,133.70132,5.655648,0.0,0.0
T Cells,CD69,124.58574,4.014888,0.0,0.0
T Cells,CD3D,123.69959,5.4992948,0.0,0.0
T Cells,IL2RG,121.71023,2.6442769,0.0,0.0
B Cells,MS4A1,72.589165,8.272024,0.0,0.0
B Cells,BANK1,72.43897,6.1101246,0.0,0.0
B Cells,CD79A,61.63215,3.530171,0.0,0.0
B Cells,CXCR4,61.613827,3.0692952,0.0,0.0
B Cells,IGHM,61.37664,3.5907838,0.0,0.0
B Cells,IRF8,58.156788,3.3485737,0.0,0.0
B Cells,CD22,58.07738,7.1118174,0.0,0.0
B Cells,HLA-DMB,57.05172,2.7789407,0.0,0.0
B Cells,HLA-DRA,56.062614,2.2742443,0.0,0.0
B Cells,CD19,55.392914,6.3102927,0.0,0.0
Glia Cells,S100B,100.994705,5.7801695,0.0,0.0
Glia Cells,GPM6B,94.50388,7.2248564,0.0,0.0
Glia Cells,PLP1,94.19505,7.4206815,0.0,0.0
Glia Cells,AHR,86.3337,3.0532126,0.0,0.0
Glia Cells,VIM,83.62523,1.4096243,0.0,0.0
Glia Cells,CD9,74.4453,3.017336,0.0,0.0
Glia Cells,NCAM1,67.72292,4.8104143,0.0,0.0
Glia Cells,SPP1,64.50432,6.2232914,0.0,0.0
Glia Cells,MPZ,64.034195,4.9810224,0.0,0.0
Glia Cells,LGI4,60.188263,7.8717847,0.0,0.0
Endothelial Cells,A2M,144.27669,2.1946774,0.0,0.0
Endothelial Cells,MCAM,114.294075,2.3745677,0.0,0.0
Endothelial Cells,COL4A2,98.16361,1.5558581,0.0,0.0
Endothelial Cells,CAV1,93.929146,2.3405366,0.0,0.0
Endothelial Cells,SPRY1,86.566536,3.0793128,0.0,0.0
Endothelial Cells,TM4SF1,86.42455,3.9651473,0.0,0.0
Endothelial Cells,TIMP3,84.23628,3.1570024,0.0,0.0
Endothelial Cells,PLVAP,83.629265,5.090045,0.0,0.0
Endothelial Cells,AQP1,80.15366,3.1950855,0.0,0.0
Endothelial Cells,VIM,78.696335,0.91441274,0.0,0.0
Vascular Smooth Muscle,TAGLN,305.1421,4.2250133,0.0,0.0
Vascular Smooth Muscle,MYLK,301.3423,4.6339793,0.0,0.0
Vascular Smooth Muscle,DES,286.14252,5.089543,0.0,0.0
Vascular Smooth Muscle,ACTA2,261.60648,4.2650714,0.0,0.0
Vascular Smooth Muscle,TPM2,256.76328,3.8333359,0.0,0.0
Vascular Smooth Muscle,COL4A2,180.65642,2.1656933,0.0,0.0
Vascular Smooth Muscle,PLN,174.43938,5.150668,0.0,0.0
Vascular Smooth Muscle,THBS1,173.90488,1.8223778,0.0,0.0
Vascular Smooth Muscle,MEIS1,157.42332,3.1410131,0.0,0.0
Vascular Smooth Muscle,GEM,155.76562,5.07804,0.0,0.0
