gene_idx,pcc,spearman,mae,rmse
0,0.4474285783367103,0.4199396798729879,0.7629958,0.91601
1,0.15405471622419875,0.1506205001020629,0.3911622,0.9589396
2,0.7470235868727104,0.6257045842342285,0.50996876,0.7805926
3,0.40330134000791745,0.3741671217822981,0.5504432,0.9410625
4,0.2520367195025832,0.1666557159592536,0.2841396,0.9370603
5,0.2679075144330126,0.2390408186221586,0.68603504,0.96673286
6,0.37625161336985824,0.34662635593004026,0.5832089,0.9228296
7,0.15996026790747794,0.11936790204579302,0.25212583,0.97387
8,0.23693579942010345,0.257064692665977,0.82817274,1.0020807
9,0.3706600675625253,0.27730602603372345,0.5110989,0.9460401
10,-0.0020547881390499205,-0.0030784486661296936,0.047339987,0.7403653
11,0.2927492132710179,0.24512036834583414,0.5724656,0.9689229
12,0.13627810533528883,0.05312252434763752,0.102426074,1.0771878
13,0.11667145399413771,0.11776937138501338,0.5241227,0.98743904
14,0.048732707055803307,0.06045503592823396,0.30843326,1.0149165
15,0.21153803005228958,0.22399687064370044,0.58234805,0.9998519
16,0.1935157667486524,0.15910184274180109,0.24616319,0.98214906
17,0.028603498129157953,0.029396170626254603,0.105214134,1.0082327
18,0.37358016243325504,0.16714324728137153,0.21647426,0.9437145
19,0.19535237609150174,0.13016314520689848,0.21698098,0.95802003
20,0.341446273522587,0.3455927819709727,0.5785837,0.94460195
21,0.207057540324356,0.09025575919043567,0.16827004,0.96070766
22,0.2890707971566474,0.25111428200536545,0.5976341,0.9975543
23,0.13135445069258844,0.1259838451839029,0.43131432,1.0227662
24,0.325100651503158,0.22405859336516276,0.5785129,0.9591769
25,0.4409594946201921,0.31974548372578065,0.44551903,0.9075389
26,-0.002585486185688609,0.009144319815256093,0.15271279,1.1113756
27,0.48511812112678276,0.23694907842366492,0.23257582,0.91528875
28,0.24146403092685767,0.11599823538783029,0.21242458,0.9582567
29,0.016175064690716747,-0.00409126073278388,0.054756653,0.7815526
30,0.16162709665180017,0.15430363550980794,0.43049926,1.0049591
31,0.10544642738188223,0.03097188748112787,0.1480175,1.0305473
32,0.013644851858850376,0.021801355946096574,0.10005627,1.0215297
33,0.01939474799352268,0.03447120310701564,0.14626469,1.0823535
34,0.3427528504747751,0.3351608363374989,0.6682811,0.9943467
35,0.2537030037744473,0.24471766444667808,0.5839499,0.9728506
36,0.0039753588668729415,0.009276905774449867,0.055569213,0.93581337
37,0.008560615582230032,0.01070322611046876,0.05305866,0.87777567
38,0.19753897235404985,0.1314496897069986,0.34616607,0.9671951
39,0.06921723164721996,0.09968011955910738,0.256498,1.005186
40,0.11248327156072177,0.11038451871782917,0.26395828,1.026473
41,0.1539935578621532,0.15801885009375963,0.70945776,0.99180734
42,0.17572517131158244,0.1120503026685894,0.26519525,0.9889005
43,0.00994014060485311,0.02379439125323459,0.109013066,1.1574869
44,0.08005066074983098,0.054968971643766816,0.14394307,1.0281687
45,0.04458909143820624,0.03890216353381274,0.105062574,0.873144
46,0.07745767072438786,0.09186817958976945,0.2581926,0.98700917
47,0.1542126106430533,0.16689378625377474,0.3904664,0.9946301
48,0.3654567486338624,0.3002318557052036,0.40497276,0.9204378
49,0.03006015451726995,0.014521961927713623,0.22009319,0.968788
50,0.09093648233222923,0.08227591568419794,0.30077186,1.0124663
51,0.20248490485724055,0.12369645569721086,0.26629534,1.029691
52,0.24607719926098692,0.2588623948525631,0.5853243,0.96818376
53,0.2993718489903235,0.27209874096085657,0.49390918,0.95587707
54,0.024489699397450326,0.01713090480912103,0.07273763,0.91720694
55,0.21374579312714273,0.1803230226203828,0.22319005,0.99231213
56,0.24034925657989464,0.20779833309332335,0.33879027,0.9180977
57,0.06559610948255368,0.06665028930997831,0.14961217,0.96552175
58,0.23848936546720728,0.16244637921804533,0.24909776,0.9921976
59,0.0695377970456495,0.04734101558471063,0.07625585,0.90585953
60,0.30878317452052045,0.3124940103372003,0.74543583,1.0097829
61,0.199689420837436,0.1258932677451897,0.34734803,1.0050806
62,0.18036120699642216,0.14998406880852586,0.23204084,0.9919318
63,0.01954577291191254,0.020645283959011808,0.10960687,0.97401977
64,0.33678697829203225,0.27591223476465926,0.3089891,0.944164
65,0.19430828918710033,0.19309697791127,0.51109934,1.0344735
66,0.1596439619035429,0.11073667119645689,0.22238517,0.97873795
67,0.41612616025806,0.32898338892636253,0.3370011,0.9160836
68,0.33178633747115605,0.31931713160839365,0.38909274,0.93256277
69,0.18252056177461382,0.17249665624048385,0.42075625,0.9764149
70,0.17945238040104425,0.16978553252300516,0.40013665,1.0106237
71,0.5332839847718384,0.4661751543809467,0.57264763,0.8519762
72,0.3933514038697067,0.32268241570172457,0.33540735,0.94058245
73,0.42192105310247213,0.350429988174712,0.3389436,0.97166526
74,0.16579381767120427,0.18360216333506962,0.40269196,0.9719224
75,0.17546198658442502,0.1380378905164909,0.18592766,0.97335756
76,0.2674230598403257,0.21049694351392922,0.24961776,0.97769904
77,0.22941332947598025,0.278257608409258,0.7634633,0.9876275
78,0.3160611057659146,0.25394839994284,0.27673098,0.96958065
79,0.28352711637482375,0.2446551708655283,0.5621812,0.9711908
80,0.38859801811917516,0.33501345381018294,0.38235533,0.93259144
81,0.04825125836650047,0.03227814126513896,0.09174941,1.0734122
82,0.44799139017282885,0.3964969950604317,0.4426987,0.8914678
83,0.07800725449696465,0.08649478391456082,0.21119887,1.0076576
84,0.1301544099279627,0.13247164617028687,0.32146695,0.9868865
85,0.3498949501538614,0.2683652295927954,0.3267289,0.9473394
86,0.2161978481123515,0.17982724523869625,0.2310974,1.0092375
87,0.22992476608025786,0.24466948317242398,0.59424675,1.0060612
88,0.22732063031931804,0.14012955836037705,0.2228475,0.98018026
89,0.4024532119829659,0.15350918542089043,0.2125316,0.96234804
90,0.4527043005342976,0.190657908215831,0.23212735,0.9058695
91,0.1916105230643528,0.12277097090876432,0.22512476,0.9919314
92,0.0725116643219569,0.05561760897110307,0.15081161,0.93287444
93,0.10639104083653637,0.0874018050099973,0.1869006,0.9498421
94,0.4995410258227393,0.294663716073025,0.3162179,0.8706457
95,0.10446829416065603,0.03507391700303787,0.16078088,0.933863
96,0.32550618458035707,0.3289560516579452,0.6977731,0.94652045
97,0.20661838792859857,0.18645927434082338,0.51449144,1.0591164
98,0.23552624682992906,0.11529974227648779,0.22056867,0.9976317
99,0.5027083248197308,0.2068866085066412,0.18151578,0.9517294
100,0.0018590696984381895,-0.0001217302557330937,0.04999075,1.2382395
101,0.18857940924373326,0.03871455537654604,0.09265487,0.976154
102,0.1111538703609308,0.05965391703055196,0.3137237,1.0424877
103,0.02280496862503345,0.019713693484661225,0.08363628,1.1934547
104,0.279740363007073,0.11275994549552262,0.22008854,0.9274104
105,0.27071054033214054,0.22103963996371073,0.50074977,0.9775318
106,0.039933110187903686,0.027922448481586436,0.0989151,0.8217917
107,0.16077280457973817,0.12160711035124279,0.22330464,0.9263539
108,0.10957712727585621,0.13716934380511925,0.4271684,1.0002162
109,0.23728641883682275,0.20368720892136524,0.53825796,1.0149837
110,0.45059691096900795,0.44549498488561906,0.75972414,0.9774392
111,0.3704211539296931,0.3309853205862051,0.75275683,0.9626801
112,0.2968186132355513,0.319892427125646,0.4419045,0.9592446
113,0.08344665643640346,0.05532404265410996,0.14119804,1.0340624
114,0.09950529075945783,0.08086729867203096,0.13723919,0.98728114
115,0.21522460562001075,0.19245116773654442,0.47423747,1.0262455
116,0.15410354705309667,0.09727692842730866,0.28612968,0.9988561
117,0.2223780500850309,0.27980195253677176,0.48340625,0.98227984
118,0.09711633519112244,0.0880067047115271,0.23652548,0.9800782
119,0.28819453294670283,0.23701038568021696,0.30503926,0.96746093
120,0.2929987143118789,0.25952766048457176,0.5678757,0.98346484
121,0.060025652937987395,0.07996827551844674,0.44169974,1.0178409
122,0.050565200898341614,0.046163044000359144,0.21704982,0.9944647
123,0.3561192906705635,0.30348079040801684,0.62921005,0.9622265
124,0.04357302152763954,0.043103155057938033,0.1931266,1.0478725
125,0.39768218496578,0.2851522052072226,0.52762294,0.93708384
126,0.49912312735227743,0.2631598897227247,0.37498924,0.8868929
127,0.09670683970663914,0.07572946240367584,0.2095844,0.95336634
128,0.17009200110204495,0.1626833693656529,0.3581708,0.97855526
129,0.26711022153544894,0.19142522587299962,0.34035867,0.92934763
130,0.21880932226082297,0.18984466323625845,0.3496388,0.9794519
131,0.05796763161820644,0.06314292678888694,0.11506216,0.9607638
132,0.40020025471817167,0.4007198521192474,0.54737264,0.9290375
133,0.12880577361684226,0.06568811254311718,0.119026445,0.9370418
134,0.3172981139993166,0.2576481143355432,0.3739792,0.94825226
135,0.2359809226772483,0.24420270870836025,0.59779644,0.9818943
136,0.42140353758007787,0.32139108648747033,0.5884707,0.9249913
137,0.19768766500617735,0.06839256945813975,0.1604765,1.010627
138,0.30533828427951465,0.2185726839037114,0.33947474,0.9419757
139,0.815136310121391,0.6803144087792511,0.524213,0.7864099
140,0.6047666234345368,0.2982712060759108,0.28359503,0.8505256
141,0.16490763168302866,0.1048605743009539,0.29283217,0.988947
142,0.1567512436525999,0.16836750680171286,0.46523806,0.9770393
143,0.38510102895231546,0.24417449231322716,0.37994134,0.9279069
144,0.5802428977914537,0.27429039896329915,0.29839772,0.8033129
145,0.5215016088451296,0.24482286741400613,0.23307335,0.8778456
146,0.05334085309337826,0.04326293860938243,0.1167414,0.91046786
147,0.02914860294732318,0.024840988005441263,0.09021863,1.2010984
148,0.174396047617926,0.1732734828903535,0.7449454,1.000926
149,0.08643790634536927,0.1264078504540186,0.724751,1.0087799
150,0.7018730946575732,0.3431941860448545,0.2931117,0.7644613
151,0.06798923874189038,0.07911953521947467,0.37528694,1.0049148
152,0.4208300992076654,0.37238364066406743,0.49107975,0.93242913
153,0.17711213134071793,0.07829188233438618,0.21345289,0.9746139
154,0.2250311719039149,0.20119609775638755,0.48959506,0.9978276
155,0.2453649654716348,0.1757069833949001,0.2878171,0.98850274
156,0.024432631642457247,0.029110629504249377,0.15120116,0.8726215
157,0.4042631432956395,0.4380220514249447,0.78220683,0.9289138
158,0.09015530850378593,0.06564637454263378,0.14214805,0.960782
159,0.17342439282699929,0.19424794979082835,0.5798658,0.9967491
160,0.1710799326855416,0.16928517774936144,0.40338612,1.0092295
161,0.28530992877869604,0.21890843407002453,0.47570494,0.97255677
162,0.037087636966301255,0.034579941584533286,0.09361191,0.9719448
163,0.20517436705481742,0.08529668769735665,0.11930956,1.029327
164,0.173516834092999,0.11032404799519883,0.23205848,0.98876417
165,0.1792458630760267,0.15103897389671275,0.34641927,1.039921
166,0.07702677266052235,0.10470179361830201,0.664383,1.0773355
167,0.06992343066525102,0.06295179642711426,0.12334208,1.0429693
168,0.08338941379070182,0.0361626503351419,0.2483127,1.0141835
169,0.1795670294905404,0.155250057936934,0.43667316,0.97406465
170,0.1699875303699239,0.13896966205736672,0.17527714,0.94879204
171,0.5001288713091315,0.4441982721662604,0.56315374,0.89882976
172,0.0005516786837409159,0.002511606296565712,0.04812882,0.81734896
173,0.1736135525014072,0.09918096648157075,0.17846784,0.9207685
174,0.17377077669393254,0.1775400757889325,0.35231322,0.97238433
175,0.08429310595167762,0.08224942370388481,0.21781792,0.96329176
176,0.3596255773956839,0.1494821157771748,0.28165746,0.9705961
177,0.1336765918088673,0.15682527373735566,0.5396977,0.9870112
178,0.13488067784021315,0.08403653744935871,0.18081516,1.0180931
179,0.040150280684789375,0.02209237794918612,0.06051214,0.8474353
180,0.33167164741444144,0.2858522324058679,0.41165802,0.94063157
181,0.1873849010255647,0.15476563846956637,0.27727512,0.9688371
182,0.1475926001092326,0.13163286986601108,0.2461291,0.9732286
183,0.21272697174995955,0.15611029296039056,0.19254352,0.9717719
184,0.06706071401795936,0.07329929067614398,0.23138256,1.0335134
185,0.21730946599501996,0.2330332453238993,0.549657,0.98745394
186,0.12039340403246576,0.10265714898006013,0.1975779,1.0174628
187,0.08291268807203749,0.048233867880775744,0.36010668,1.0283598
188,0.2659902427034108,0.09911583786400345,0.13900597,0.94025016
189,0.14098366913801538,0.08771309597687434,0.17398264,0.95948017
190,0.36581454954965437,0.15507071261610728,0.18655619,0.8673897
191,0.025050164926742478,0.02655757424422703,0.08088171,0.9141518
192,0.2744845873126802,0.2528657143365023,0.58737224,0.96631205
193,0.3105032047104346,0.29533738078457145,0.6544259,0.96071035
194,0.3272890719706446,0.30863801325244,0.6682745,0.9653344
195,0.18770924657403976,0.1791929471549832,0.774586,0.98223925
196,0.5666006999455676,0.2623660784502289,0.21905884,0.9315673
197,0.08353340642532651,0.09056551375709701,0.37907112,1.0120392
198,0.13372107072744507,0.10260034189974652,0.18093467,0.9695842
199,0.20913846445346318,0.2133762591967828,0.3886512,1.0002905
200,0.19960087870963697,0.16048056563344248,0.19852546,0.9606579
201,0.1029630922376119,0.10455603747597321,0.711854,0.9967939
202,0.19618130875437814,0.16241392209052094,0.41289353,0.9488083
203,0.15131677173177435,0.13716519365327823,0.34796223,1.028907
204,0.051915960370507615,0.07029685689196119,0.39930102,0.9968403
205,0.05784146067972223,0.06530485504371791,0.147416,0.94798505
206,0.2813781612068841,0.29856107880471405,0.7781,0.9641266
207,0.09824063110100918,0.13428824072622486,0.7094479,0.9937263
208,0.1387140499737861,0.10581559899039762,0.2863703,1.0020437
209,0.18518175489471667,0.1490608737010538,0.23889974,0.9352167
210,0.43801389305267147,0.44583525493112264,0.6313838,0.9399577
211,0.4682159019922268,0.40449055012526886,0.5246017,0.99870306
212,0.46265572074958683,0.4025914313603947,0.5277457,0.9694142
213,0.3658118320895125,0.3781004008141759,0.6398679,0.9770271
214,0.41774235743219745,0.3785897630267883,0.45085233,0.92323
215,0.4359619756355852,0.4374142435711376,0.48801953,0.90317583
216,0.43798045389179247,0.4172565859189023,0.4413293,0.9127884
217,0.09914585435496309,0.09105242255867861,0.26531672,1.0207915
218,0.3170195185530972,0.3418069672488017,0.5901478,0.94166714
219,0.10088542658884281,0.14837910151372477,0.6483156,0.9965768
220,0.1032895102918852,0.06387476787310907,0.15836255,0.8983636
221,0.06898613778638697,0.07831160113655244,0.34118116,0.97646916
222,0.05085987234963257,0.04038693836374698,0.16055763,1.086265
223,0.0027935185972246556,0.010758125839926476,0.05827727,0.67350125
224,0.081778324751742,0.08632676102593018,0.18193713,1.0027537
225,0.11704899498004026,0.10648058198751115,0.20707482,0.9631765
226,0.041059625370632694,0.058090198150702474,0.30448627,1.0214399
227,0.03127431039732369,0.033616510814790924,0.09580926,0.86198026
228,0.19208667491642145,0.17206066442074555,0.40776575,0.9664579
229,0.20559525727522576,0.19771448463906754,0.43458796,1.0358822
230,0.022715132096642447,0.015713423929309654,0.09861257,0.9406739
231,0.3086430360854919,0.22819157203535081,0.3374267,0.9604419
232,0.24420489425683023,0.31575548357522687,0.57201225,0.9800021
233,0.34429582878818216,0.3387405344733143,0.5070544,0.92651045
234,0.2133360288690251,0.17996987966774197,0.749016,0.9849649
235,0.3794007735438504,0.34514056558182127,0.5669956,0.9240767
236,0.13408952096052593,0.10915841360652083,0.3009903,1.0040731
237,0.13058394336176846,0.06939354375888342,0.27118167,1.0329416
238,0.050882222991165356,0.05255040857562478,0.13430537,1.0939736
239,0.036764057422680206,0.04629435243605381,0.13128063,1.0971339
240,0.20898694897400563,0.19976251801850078,0.2992685,0.97728324
241,0.18546766042200447,0.09142635371511154,0.121408455,1.0177715
242,0.00044053700008256727,0.02761616813452895,0.15893432,1.0847633
243,0.0557863456562279,0.056274975830724,0.122851975,0.91352296
244,0.10271938604424054,0.11201878287487992,0.2238383,0.9554964
245,0.12504006722440028,0.12871393321280042,0.3460093,1.0024687
246,0.29373721206840037,0.24478047640021308,0.30657458,0.9651949
247,0.39053689982441386,0.40383283114392327,0.51076,0.92398214
248,0.27024910236093214,0.27322122074343247,0.55229473,0.9536278
249,0.016921734210820865,0.043854867599405406,0.35568556,1.0497617
250,0.011421323993856503,0.016683506536973557,0.06541242,0.8498714
251,0.08507363784275779,0.07483467739305809,0.1945796,0.9907578
252,0.17286613596202646,0.15366103841983966,0.41163528,1.0029924
253,0.08982407493664105,0.09265817650826447,0.28869766,0.99118125
254,0.23902493154209276,0.21273843495443864,0.7649965,0.97440565
255,0.45759484600065564,0.3490212739383117,0.37344775,0.9023816
256,0.00218140054721824,0.0009918766960266313,0.045809485,0.62803364
257,0.12023247971236894,0.1511774120243895,0.64925367,1.0052487
258,0.22781484657349702,0.23443174174552758,0.4712654,0.9726077
259,0.07007690184784025,0.06809914692258534,0.33787155,0.98836905
260,0.3737102263365685,0.3302019923034521,0.56545,0.95538646
261,0.4475828665087333,0.38827301025012556,0.55900985,0.89564055
262,0.04711247594203818,0.025682944996946948,0.06082941,0.95708144
263,0.42236589788524825,0.3614374922541559,0.632856,0.9046095
264,-0.007314891431881525,0.0012173114912552273,0.20967904,1.0499921
265,0.306135173210234,0.2901811456731905,0.5261367,0.95837796
266,0.3435876669333697,0.1591589834207254,0.1750726,0.9924708
267,0.31869834554394827,0.2588804243905049,0.33958623,0.95333517
268,0.23773984650400082,0.21081869207483594,0.32169616,0.99006915
269,0.21156898831515333,0.19743530415181254,0.31641373,0.9815546
270,0.017556968601039127,0.011507196072013844,0.054180123,0.71419513
271,0.633461529043259,0.32281447300329924,0.24654134,0.7678963
272,0.06749313767235399,0.08303818671311726,0.53345656,1.019415
273,0.23843039233456556,0.17744581603729523,0.31317514,0.97226185
274,0.21960559959481638,0.1738031995163158,0.26526088,1.0078735
275,0.23012106647908642,0.07854265443048847,0.12917885,0.9465109
276,0.06564209152516462,0.06039536184103497,0.14455505,1.0227001
277,0.29506790487775253,0.1355142642450197,0.21164964,0.95256186
278,0.2612647949908986,0.0710244497199174,0.10198126,1.037027
279,0.27563510931448704,0.28995203675692244,0.453114,0.9700526
280,0.18349819868961903,0.17661643075783262,0.55211055,0.9885274
281,0.10529517245968469,0.10269646779882918,0.282015,0.98705643
282,0.08657805570870081,0.06972911162296822,0.24551533,1.0091534
283,0.08258758352586745,0.03329978910683083,0.11952193,0.9636417
284,0.21473450404019961,0.2145139382661855,0.65686893,1.0025644
285,0.23632317807055836,0.17691473933549431,0.31086165,0.96442425
286,0.18446524306046336,0.15415861159463534,0.23181479,0.9648693
287,0.10348502142706452,0.12938502552782513,0.4018451,0.98193014
288,0.45142903817851415,0.43254133736503564,0.6337786,0.92876285
289,0.2840467560938875,0.2703039894483277,0.5035731,0.95656765
290,0.5310075699277103,0.5082605758753592,0.61689574,0.87401015
291,0.14050011672484755,0.09307270666330754,0.28652743,1.0322174
292,0.3977475483198231,0.3907758712084609,0.64643985,0.94662535
293,0.2765016097168827,0.193913130395944,0.3074872,0.9775823
294,0.3684164842645369,0.177669221767916,0.24051751,0.99081796
295,0.17665914913095684,0.1825809474179824,0.42450503,0.9984254
296,0.12919971201600086,0.08728342030380737,0.2748557,0.99654466
297,0.018294474226785047,0.02242118867923213,0.058614302,0.9343087
298,0.2244058918011243,0.11305872595888007,0.3373379,0.9981346
299,0.0806885035004907,0.09891476135386806,0.42415053,1.0005429
300,0.23541628124281824,0.14312382946017405,0.23719805,0.9845113
301,0.2272339663959773,0.04932676603454024,0.17570966,0.99675936
302,0.035971231032303874,0.0273187650147399,0.090327695,1.014306
303,0.034046864386543654,0.01037464569635455,0.0671695,0.73279124
304,0.1660363254592425,0.1963677170430664,0.4383767,0.99024177
305,0.007297887245527751,0.006979374743482894,0.13288087,1.2188432
306,0.13576422426816495,0.11487040903890004,0.27043822,0.97484004
307,0.037360515767835,0.028511343562666488,0.22946058,1.0536109
308,0.35949298658789236,0.20270270940470125,0.25181243,0.8836857
309,0.8277678007141004,0.681577335792095,0.50945187,0.7177097
310,0.2707917660187606,0.20197682573475795,0.3826488,0.97027236
311,0.03176112968575229,0.03396932964334786,0.118156105,1.0292959
312,0.04334561050677511,0.04165198716055294,0.11070516,0.8885508
313,0.22511618368200795,0.2156312871138844,0.36338642,0.9840629
314,0.13217222002691487,0.13298914562025965,0.3557238,0.9539064
315,0.0069943192177333415,0.01645849502803514,0.123152144,0.97098815
316,0.17299595034823806,0.18578202122291645,0.44298738,0.9719838
317,0.06186508822004181,0.022764955560614263,0.06588618,0.91386557
318,0.5130907872404594,0.2495292263286152,0.2796659,0.8827643
319,0.0268655532003676,0.03823956656190359,0.15583555,0.99485683
320,0.3231174693758593,0.18074534328170713,0.3134175,0.93847364
321,0.19978671755010075,0.19490478343048692,0.4225512,0.9750506
322,0.1108958073191924,0.13123609561294677,0.32482508,1.0182877
323,0.16137954710934785,0.12012501242858498,0.29575035,0.99694335
324,0.2648274427178164,0.14148708235967747,0.19553362,0.8998281
325,0.35328974273143726,0.2570389132917996,0.40059072,0.9812222
326,0.5269551906416331,0.21451979671325883,0.26263663,0.9207733
327,0.16434421364424637,0.19145863765863938,0.6516756,0.96873415
328,0.43127875870606547,0.2435187371857981,0.3242566,0.9314061
329,0.22542721348168487,0.16333014332415424,0.3512395,1.00809
330,0.31305404832387546,0.3720131596794546,0.68913925,0.9502275
331,0.15819032433622746,0.11299626459944044,0.242006,0.97356004
332,0.15282026182503325,0.10388763105971843,0.21821634,0.9112499
333,0.24660791514079627,0.14178996856221235,0.5730922,0.9986944
334,0.22478654374397625,0.17978736782057475,0.26126653,0.9236933
335,0.12180926163565169,0.10081836787394031,0.1546865,1.0242277
336,0.37662087178952847,0.299858755292241,0.45415565,0.9278112
337,0.10213052646420313,0.07205497980742157,0.2329194,1.0200357
338,0.2327689510438793,0.24740340548620385,0.6687561,0.98259413
339,0.023090121662263513,-0.0015285581576858942,0.08889904,1.0633684
340,0.010054921614141309,0.014420289267485583,0.08599996,0.9607722
341,0.08602886981015624,0.048347029148291865,0.095921986,1.0309168
342,0.1445232489334209,0.08405947340693713,0.17168637,1.0375507
343,0.22889910235593144,0.16929012742748928,0.29543552,0.96079475
344,0.2567522622951626,0.11732724149886299,0.17266928,0.96748006
345,0.1677057894467529,0.14385187609912167,0.5513904,0.97326607
346,0.1851993351471544,0.22356445035930547,0.5110813,0.9969371
347,0.24085708084259522,0.1863678350943962,0.32382682,0.960351
348,0.554842244035013,0.48619876943376633,0.5310893,0.89533615
349,0.3693193039170242,0.15334074009611137,0.26568136,0.9444099
350,0.43516669459708673,0.2543203056463455,0.3299905,0.9010684
351,0.3662299643185214,0.1745272064831794,0.335818,0.91780466
352,0.24326420369162094,0.24539307204852312,0.52362967,0.94432104
353,0.39102737560119744,0.16193070092723535,0.18755236,0.905307
354,0.4420044687770787,0.4252893208248596,0.5957456,0.9064386
355,0.4448638312024714,0.3386997060961936,0.64213455,0.90933925
356,0.2856690889020382,0.2650323810418611,0.40789568,0.9515447
357,0.04537099764129629,0.04236878122236834,0.103891715,1.0130104
358,0.3427704625376863,0.27664937972601694,0.43373087,0.9343297
359,0.13509743225948972,0.05050056279412731,0.18256618,0.998177
360,0.13085676521604944,0.16078678600762214,0.413991,0.98204637
361,0.11278347429175418,0.09700839063402472,0.34395632,0.98493564
362,0.3108684283382819,0.28921683704944,0.5324031,0.96845496
363,0.2986355786235938,0.3012339515856044,0.51090014,0.9686158
364,0.5135070104936811,0.5085712024451395,0.55763245,0.8761376
365,0.1452717831617781,0.11978262285034835,0.26397333,1.0490221
366,0.2937020687959624,0.06444525712762302,0.09858074,0.9046451
367,0.13333744120381588,0.11575197561998686,0.6193956,0.99310166
368,0.1286177584000672,0.1663297366456437,0.6815556,0.97346634
369,0.038245366956328804,0.03048454143237369,0.10827216,1.0488657
370,0.1397584118936039,0.11320799090558792,0.28073692,1.0089757
371,0.27961467381361754,0.11702802646914041,0.23619075,0.95510626
372,0.49571864902665214,0.2099710474791454,0.19528887,0.91907644
373,0.24827621875703285,0.09240810831311272,0.16955945,1.0476964
374,0.16406118567821965,0.02618152222883956,0.16257446,1.0084884
375,-0.003979618469077375,-0.0069908227393208275,0.04096275,1.0920278
376,0.11130836851960775,0.11526440241639332,0.33861607,0.99966496
377,0.08168979098334868,0.04769659493886815,0.16463949,0.93405914
378,0.18522831413496005,0.17276360792690806,0.52386713,1.0049279
379,0.2717459764932235,0.24511173175844975,0.5610251,1.0364734
380,0.06366668707543524,0.06086741570011279,0.20492923,1.0241728
381,0.11652000943257662,0.11292734720053364,0.18058553,1.006863
382,0.36871416405882723,0.2828380236396269,0.45640105,0.96196586
383,0.22309182458095086,0.1601823116321459,0.3228721,1.0062375
384,0.24804364610649204,0.2841191075044209,0.71982366,0.9643866
385,0.34569619032829213,0.1477601393316944,0.36946777,0.94963205
386,0.2078865749860176,0.1912356075725021,0.2423706,0.95815253
387,0.4605126077052979,0.22496315090894636,0.24470463,0.8897313
388,0.2867657933497578,0.1548705862615132,0.24681611,1.0453959
389,0.4475204143793579,0.0254060736506016,0.07803392,0.84958726
390,0.20795896640486755,0.21906838133947218,0.66583854,0.97485197
391,0.4693685169641929,0.22109811987132652,0.23443788,0.8557861
392,0.47853908326201905,0.3649351986975847,0.56531686,0.90131485
393,0.25535412831094245,0.1015362087245438,0.16886844,0.9078288
394,0.3108931644061374,0.28593251556464366,0.44277802,0.9663826
395,0.25385952229326125,0.28987812674959557,0.35753742,0.9828924
396,0.3024301645579006,0.11777599260578205,0.16643105,0.9474067
397,0.029312501139780317,0.01762456655996099,0.09866457,1.0295969
398,0.05531017989884793,0.061768518287697735,0.17028782,0.97955537
399,0.41652623023040364,0.2140123514605096,0.44611546,0.9300123
400,0.18942217109746995,0.1978237798914658,0.39713985,0.9422732
401,0.07738826332350575,0.09097119756792603,0.45640963,1.020545
402,0.07670305105850314,0.04836444287519158,0.14559989,0.8893857
403,0.19588328191443685,0.15709151655609813,0.30768126,0.94733894
404,0.1680130980220653,0.1583879132376371,0.86362255,0.9953836
405,0.015547423646250095,0.015379971937916822,0.15805708,1.100362
406,0.15872551411463687,0.10806168100273505,0.25196347,0.9488835
407,0.08865053985854457,0.07132546341499824,0.14124274,0.91628927
408,0.31621915514570154,0.2553815010464511,0.31862247,0.9464
409,0.2350120871671431,0.12969762362255127,0.2662508,1.0263315
410,0.3756642198956619,0.2690950842924344,0.47684288,0.9373564
411,0.045147809483047426,0.025104763690518037,0.06589452,0.97161615
412,0.2861631224116863,0.24504164007210785,0.5524565,0.9718985
413,0.20921691598854683,0.14920245859606043,0.4624354,0.9759666
414,0.2759041627184506,0.20135408980116642,0.24246447,0.9563356
415,0.1627431112277667,0.0530246079534496,0.14224246,1.035978
416,0.23949048404143888,0.03974683637454049,0.14782475,0.99325407
417,0.8382938615547639,0.6980496606981008,0.5094233,0.6893179
418,0.2354577538891508,0.14909190476306355,0.22240089,0.9679227
419,0.37611360443146713,0.24072309733307426,0.27880755,0.9711641
420,0.13551286812788027,0.07885052605298322,0.12809636,0.9171961
421,0.2375070019746798,0.10070510594789701,0.17696857,0.93198043
422,0.3774837065137686,0.31444169221918816,0.48323044,0.89945537
423,0.205730073374806,0.25457354127455195,0.74509656,0.96536016
424,0.3250978241553628,0.3712782754644559,0.8151429,0.96908146
425,0.2883788042881665,0.23335624901958507,0.24824674,0.97940904
426,0.3216442282352871,0.2862594818951634,0.53516644,0.96504885
427,0.3366192858839287,0.19654812403386926,0.3196294,0.96780217
428,0.3763451562858474,0.27956211151033195,0.4066413,0.94333684
429,0.051583301224333473,0.05332938463620526,0.16769536,0.9719576
430,0.17378337076787342,0.2039914716271078,0.7400505,0.9901298
431,0.04453933250777538,0.07813785778449421,0.46464407,0.9897059
432,0.4866573435079242,0.39272462280841297,0.5000534,0.89310676
433,0.17093697379082315,0.18961372819462738,0.47994748,0.98167324
434,0.04662493253077244,0.06186855644072287,0.3366541,1.004287
435,0.31535766643330937,0.21401629661865068,0.3382323,0.9671512
436,0.02786772720697375,0.03818666188801158,0.18461843,0.92686594
437,0.7129694339413909,0.6085439478550754,0.56698644,0.80852956
438,0.4835755957179606,0.3865645080125804,0.36577946,0.8999442
439,0.31730704618694605,0.24975842144189647,0.27468783,0.9404913
440,0.0668665474281393,0.06854830880048009,0.1373925,0.9660133
441,0.33229901994315886,0.260092465242936,0.42743778,0.9351167
442,0.013286413614638351,0.016028299635315615,0.123944685,0.9944457
443,0.21768089005773397,0.22480792421989196,0.8610375,0.9805317
444,0.11469849136866808,0.12177095191139732,0.62221116,1.0003047
445,0.3603544774528444,0.2308455988918847,0.35358077,0.97647816
446,0.23892285170638264,0.14587606751212165,0.22954108,0.976676
447,0.22628314536368246,0.047808854690780396,0.12869911,1.0491724
448,0.5401332815703176,0.25236963534940093,0.23616628,0.93838614
449,0.1332866521613059,0.1152287131033493,0.25193632,1.0101558
450,0.2662124404886976,0.29007393085261685,0.60604435,0.9581463
451,0.4963130135714662,0.22947187904108224,0.18110472,0.8992525
452,0.4757096598500368,0.46390618154766583,0.73692626,0.88141704
453,0.010942142999378773,0.004414431939205657,0.030940307,1.0980381
454,0.03908657622095169,0.0159376950995708,0.4444664,1.0320276
455,0.1785848197584987,0.17173960335369576,0.4118222,1.0023448
456,0.48575318343079,0.4220324188311641,0.74072933,0.9533312
457,0.12992353763926331,0.10213759546826909,0.17869084,1.0073136
458,0.11267805525525935,0.10236808229875266,0.19197695,0.9841924
459,0.3414235885977202,0.3628411111359132,0.7589761,0.9382333
